{
    "mrr": 0.37510213255882263,
    "hits_at_1": 0.22541603446006775,
    "hits_at_3": 0.43645989894866943,
    "hits_at_10": 0.6701966524124146,
    "dataset": "UMLS",
    "epochs": 30,
    "Pre_trained_Embedds": "True"
}