{
  "0": {
    "pred_accuracy": 0.8088235294117647,
    "pred_precision": 0.75,
    "pred_recall": 0.6521739130434783,
    "pred_f1_score": 0.6976744186046512,
    "exp_accuracy": 0.8235294117647058,
    "exp_precision": 0.82,
    "exp_recall": 0.9318181818181818,
    "exp_f1_score": 0.8723404255319149
  },
  "1": {
    "pred_accuracy": 0.8088235294117647,
    "pred_precision": 0.75,
    "pred_recall": 0.6521739130434783,
    "pred_f1_score": 0.6976744186046512,
    "exp_accuracy": 0.8823529411764706,
    "exp_precision": 0.88,
    "exp_recall": 0.9565217391304348,
    "exp_f1_score": 0.9166666666666666
  },
  "2": {
    "pred_accuracy": 0.8088235294117647,
    "pred_precision": 0.75,
    "pred_recall": 0.6521739130434783,
    "pred_f1_score": 0.6976744186046512,
    "exp_accuracy": 0.7941176470588235,
    "exp_precision": 0.8032786885245902,
    "exp_recall": 0.9607843137254902,
    "exp_f1_score": 0.8750000000000001
  },
  "3": {
    "pred_accuracy": 0.8088235294117647,
    "pred_precision": 0.75,
    "pred_recall": 0.6521739130434783,
    "pred_f1_score": 0.6976744186046512,
    "exp_accuracy": 0.75,
    "exp_precision": 0.7868852459016393,
    "exp_recall": 0.9230769230769231,
    "exp_f1_score": 0.8495575221238939
  },
  "4": {
    "pred_accuracy": 0.8088235294117647,
    "pred_precision": 0.75,
    "pred_recall": 0.6521739130434783,
    "pred_f1_score": 0.6976744186046512,
    "exp_accuracy": 0.6764705882352942,
    "exp_precision": 0.7049180327868853,
    "exp_recall": 0.9148936170212766,
    "exp_f1_score": 0.7962962962962963
  }
}