{
    "dataset": "FB15k-237",
    "epochs": 3,
    "embedding_model": "Keci",
    "pre_trained_embeds": {
        "mrr": 0.022972363978624344,
        "hits_at_1": 0.010334212332963943,
        "hits_at_3": 0.020472979173064232,
        "hits_at_10": 0.04509918764233589
    },
    "random_embeds": {
        "mrr": 0.007226263172924519,
        "hits_at_1": 0.0011482458794489503,
        "hits_at_3": 0.003860060591250658,
        "hits_at_10": 0.013974396511912346
    }
}