{
    "mrr": 0.4549911320209503,
    "hits_at_1": 0.32450830936431885,
    "hits_at_3": 0.5045385956764221,
    "hits_at_10": 0.7140696048736572,
    "dataset": "UMLS",
    "epochs": 30,
    "Pre_trained_Embedds": "False"
}