{
    "mrr": 0.11484510451555252,
    "hits_at_1": 0.0581696480512619,
    "hits_at_3": 0.11545978486537933,
    "hits_at_10": 0.22696179151535034,
    "dataset": "FB15k-237",
    "epochs": 30,
    "Pre_trained_Embedds": "True"
}