{
  "Run_1": {
    "pred_accuracy": 0.7058823529411765,
    "pred_precision": 0.7049180327868853,
    "pred_recall": 0.9555555555555556,
    "pred_f1_score": 0.8113207547169811,
    "exp_accuracy": 0.5735294117647058,
    "exp_precision": 0.6065573770491803,
    "exp_recall": 0.8809523809523809,
    "exp_f1_score": 0.7184466019417476
  },
  "Run_2": {
    "pred_accuracy": 0.7058823529411765,
    "pred_precision": 0.7049180327868853,
    "pred_recall": 0.9555555555555556,
    "pred_f1_score": 0.8113207547169811,
    "exp_accuracy": 0.6176470588235294,
    "exp_precision": 0.639344262295082,
    "exp_recall": 0.9069767441860465,
    "exp_f1_score": 0.75
  },
  "Run_3": {
    "pred_accuracy": 0.7058823529411765,
    "pred_precision": 0.7049180327868853,
    "pred_recall": 0.9555555555555556,
    "pred_f1_score": 0.8113207547169811,
    "exp_accuracy": 0.6617647058823529,
    "exp_precision": 0.6721311475409836,
    "exp_recall": 0.9318181818181818,
    "exp_f1_score": 0.780952380952381
  },
  "Run_4": {
    "pred_accuracy": 0.7058823529411765,
    "pred_precision": 0.7049180327868853,
    "pred_recall": 0.9555555555555556,
    "pred_f1_score": 0.8113207547169811,
    "exp_accuracy": 0.7352941176470589,
    "exp_precision": 0.7377049180327869,
    "exp_recall": 0.9574468085106383,
    "exp_f1_score": 0.8333333333333334
  },
  "Run_5": {
    "pred_accuracy": 0.7058823529411765,
    "pred_precision": 0.7049180327868853,
    "pred_recall": 0.9555555555555556,
    "pred_f1_score": 0.8113207547169811,
    "exp_accuracy": 0.6911764705882353,
    "exp_precision": 0.6721311475409836,
    "exp_recall": 0.9761904761904762,
    "exp_f1_score": 0.7961165048543689
  }
}