{
  "0": {
    "pred_accuracy": 0.6944444444444444,
    "pred_precision": 0.5769230769230769,
    "pred_recall": 1.0,
    "pred_f1_score": 0.7317073170731707,
    "exp_accuracy": 0.6666666666666666,
    "exp_precision": 0.5714285714285714,
    "exp_recall": 1.0,
    "exp_f1_score": 0.7272727272727273
  },
  "1": {
    "pred_accuracy": 0.6111111111111112,
    "pred_precision": 0.5185185185185185,
    "pred_recall": 0.9333333333333333,
    "pred_f1_score": 0.6666666666666667,
    "exp_accuracy": 0.6944444444444444,
    "exp_precision": 0.6153846153846154,
    "exp_recall": 0.9411764705882353,
    "exp_f1_score": 0.744186046511628
  },
  "2": {
    "pred_accuracy": 0.6111111111111112,
    "pred_precision": 0.5172413793103449,
    "pred_recall": 1.0,
    "pred_f1_score": 0.6818181818181819,
    "exp_accuracy": 0.6388888888888888,
    "exp_precision": 0.5517241379310345,
    "exp_recall": 1.0,
    "exp_f1_score": 0.7111111111111111
  },
  "3": {
    "pred_accuracy": 0.6388888888888888,
    "pred_precision": 0.5357142857142857,
    "pred_recall": 1.0,
    "pred_f1_score": 0.6976744186046512,
    "exp_accuracy": 0.6944444444444444,
    "exp_precision": 0.5833333333333334,
    "exp_recall": 0.9333333333333333,
    "exp_f1_score": 0.7179487179487181
  },
  "4": {
    "pred_accuracy": 0.6388888888888888,
    "pred_precision": 0.5357142857142857,
    "pred_recall": 1.0,
    "pred_f1_score": 0.6976744186046512,
    "exp_accuracy": 0.6111111111111112,
    "exp_precision": 0.5172413793103449,
    "exp_recall": 1.0,
    "exp_f1_score": 0.6818181818181819
  }
}