{
  "0": {
    "pred_accuracy": 0.7647058823529411,
    "pred_precision": 0.6,
    "pred_recall": 0.9130434782608695,
    "pred_f1_score": 0.7241379310344828,
    "exp_accuracy": 0.8088235294117647,
    "exp_precision": 0.7818181818181819,
    "exp_recall": 0.9772727272727273,
    "exp_f1_score": 0.8686868686868686
  },
  "1": {
    "pred_accuracy": 0.6323529411764706,
    "pred_precision": 0.4791666666666667,
    "pred_recall": 1.0,
    "pred_f1_score": 0.647887323943662,
    "exp_accuracy": 0.8088235294117647,
    "exp_precision": 0.8235294117647058,
    "exp_recall": 0.9130434782608695,
    "exp_f1_score": 0.865979381443299
  },
  "2": {
    "pred_accuracy": 0.75,
    "pred_precision": 0.6071428571428571,
    "pred_recall": 0.7391304347826086,
    "pred_f1_score": 0.6666666666666666,
    "exp_accuracy": 0.7647058823529411,
    "exp_precision": 0.7966101694915254,
    "exp_recall": 0.9215686274509803,
    "exp_f1_score": 0.8545454545454545
  },
  "3": {
    "pred_accuracy": 0.7058823529411765,
    "pred_precision": 0.5517241379310345,
    "pred_recall": 0.6956521739130435,
    "pred_f1_score": 0.6153846153846154,
    "exp_accuracy": 0.8529411764705882,
    "exp_precision": 0.8620689655172413,
    "exp_recall": 0.9615384615384616,
    "exp_f1_score": 0.9090909090909091
  },
  "4": {
    "pred_accuracy": 0.8382352941176471,
    "pred_precision": 0.7727272727272727,
    "pred_recall": 0.7391304347826086,
    "pred_f1_score": 0.7555555555555555,
    "exp_accuracy": 0.7794117647058824,
    "exp_precision": 0.7666666666666667,
    "exp_recall": 0.9787234042553191,
    "exp_f1_score": 0.8598130841121495
  }
}