{
    "mrr": 0.13163705170154572,
    "hits_at_1": 0.06755106151103973,
    "hits_at_3": 0.1359083354473114,
    "hits_at_10": 0.260847270488739,
    "dataset": "FB15k-237",
    "epochs": 100,
    "Pre_trained_Embedds": "True"
}