{
  "Run_1": {
    "pred_accuracy": 0.7058823529411765,
    "pred_precision": 0.7049180327868853,
    "pred_recall": 0.9555555555555556,
    "pred_f1_score": 0.8113207547169811,
    "exp_accuracy": 0.5294117647058824,
    "exp_precision": 0.5230769230769231,
    "exp_recall": 0.9714285714285714,
    "exp_f1_score": 0.68
  },
  "Run_2": {
    "pred_accuracy": 0.7058823529411765,
    "pred_precision": 0.7049180327868853,
    "pred_recall": 0.9555555555555556,
    "pred_f1_score": 0.8113207547169811,
    "exp_accuracy": 0.9558823529411765,
    "exp_precision": 0.9558823529411765,
    "exp_recall": 1.0,
    "exp_f1_score": 0.9774436090225563
  },
  "Run_3": {
    "pred_accuracy": 0.7058823529411765,
    "pred_precision": 0.7049180327868853,
    "pred_recall": 0.9555555555555556,
    "pred_f1_score": 0.8113207547169811,
    "exp_accuracy": 0.9117647058823529,
    "exp_precision": 0.9117647058823529,
    "exp_recall": 1.0,
    "exp_f1_score": 0.9538461538461539
  },
  "Run_4": {
    "pred_accuracy": 0.7058823529411765,
    "pred_precision": 0.7049180327868853,
    "pred_recall": 0.9555555555555556,
    "pred_f1_score": 0.8113207547169811,
    "exp_accuracy": 0.8529411764705882,
    "exp_precision": 0.8529411764705882,
    "exp_recall": 1.0,
    "exp_f1_score": 0.9206349206349206
  },
  "Run_5": {
    "pred_accuracy": 0.7058823529411765,
    "pred_precision": 0.7049180327868853,
    "pred_recall": 0.9555555555555556,
    "pred_f1_score": 0.8113207547169811,
    "exp_accuracy": 0.6617647058823529,
    "exp_precision": 0.676923076923077,
    "exp_recall": 0.9565217391304348,
    "exp_f1_score": 0.7927927927927929
  }
}