{
    "dataset": "FB15k-237",
    "epochs": 100,
    "embedding_model": "AConEx",
    "pre_trained_embeds": {
        "mrr": 0.1238107904791832,
        "hits_at_1": 0.0652545690536499,
        "hits_at_3": 0.12383954226970673,
        "hits_at_10": 0.24230431020259857
    },
    "random_embeds": {
        "mrr": 0.13858237862586975,
        "hits_at_1": 0.07497800886631012,
        "hits_at_3": 0.14023257791996002,
        "hits_at_10": 0.27025309205055237
    }
}