{
    "dataset": "UMLS",
    "epochs": 30,
    "embedding_model": "Keci",
    "pre_trained_embeds": {
        "mrr": 0.23568907380104065,
        "hits_at_1": 0.1603630781173706,
        "hits_at_3": 0.24432677030563354,
        "hits_at_10": 0.35552191734313965
    },
    "random_embeds": {
        "mrr": 0.4688350260257721,
        "hits_at_1": 0.3343418836593628,
        "hits_at_3": 0.52420574426651,
        "hits_at_10": 0.7413010597229004
    }
}