{
    "dataset": "UMLS",
    "epochs": 100,
    "embedding_model": "ConEx",
    "pre_trained_embeds": {
        "mrr": 0.45381009578704834,
        "hits_at_1": 0.2965204119682312,
        "hits_at_3": 0.5408471822738647,
        "hits_at_10": 0.7677760720252991
    },
    "random_embeds": {
        "mrr": 0.5016714930534363,
        "hits_at_1": 0.35476550459861755,
        "hits_at_3": 0.5854765772819519,
        "hits_at_10": 0.7965204119682312
    }
}