{
    "dataset": "UMLS",
    "epochs": 30,
    "embedding_model": "Keci",
    "pre_trained_embeds": {
        "mrr": 0.2660146951675415,
        "hits_at_1": 0.14069591462612152,
        "hits_at_3": 0.3040847182273865,
        "hits_at_10": 0.509833574295044
    },
    "random_embeds": {
        "mrr": 0.4356471002101898,
        "hits_at_1": 0.31240543723106384,
        "hits_at_3": 0.4878970980644226,
        "hits_at_10": 0.6754916310310364
    }
}