{
    "dataset": "UMLS",
    "epochs": 30,
    "pre_trained_embeds": {
        "mrr": 0.28287068009376526,
        "hits_at_1": 0.14674735069274902,
        "hits_at_3": 0.31845688819885254,
        "hits_at_10": 0.574130117893219
    },
    "random_embeds": {
        "mrr": 0.514772891998291,
        "hits_at_1": 0.3819969594478607,
        "hits_at_3": 0.5809379816055298,
        "hits_at_10": 0.7715582251548767
    }
}