{
  "Run_1": {
    "pred_accuracy": 0.6111111111111112,
    "pred_precision": 0.5185185185185185,
    "pred_recall": 0.9333333333333333,
    "pred_f1_score": 0.6666666666666667,
    "exp_accuracy": 0.6944444444444444,
    "exp_precision": 0.6071428571428571,
    "exp_recall": 1.0,
    "exp_f1_score": 0.7555555555555554
  },
  "Run_2": {
    "pred_accuracy": 0.75,
    "pred_precision": 0.65,
    "pred_recall": 0.8666666666666667,
    "pred_f1_score": 0.7428571428571429,
    "exp_accuracy": 0.6944444444444444,
    "exp_precision": 0.6153846153846154,
    "exp_recall": 0.9411764705882353,
    "exp_f1_score": 0.744186046511628
  },
  "Run_3": {
    "pred_accuracy": 0.6111111111111112,
    "pred_precision": 0.5172413793103449,
    "pred_recall": 1.0,
    "pred_f1_score": 0.6818181818181819,
    "exp_accuracy": 0.6666666666666666,
    "exp_precision": 0.5769230769230769,
    "exp_recall": 0.9375,
    "exp_f1_score": 0.7142857142857143
  },
  "Run_4": {
    "pred_accuracy": 0.6944444444444444,
    "pred_precision": 0.5769230769230769,
    "pred_recall": 1.0,
    "pred_f1_score": 0.7317073170731707,
    "exp_accuracy": 0.6388888888888888,
    "exp_precision": 0.5517241379310345,
    "exp_recall": 1.0,
    "exp_f1_score": 0.7111111111111111
  },
  "Run_5": {
    "pred_accuracy": 0.6111111111111112,
    "pred_precision": 0.5172413793103449,
    "pred_recall": 1.0,
    "pred_f1_score": 0.6818181818181819,
    "exp_accuracy": 0.6388888888888888,
    "exp_precision": 0.5384615384615384,
    "exp_recall": 0.9333333333333333,
    "exp_f1_score": 0.6829268292682926
  }
}