{
  "Run_1": {
    "pred_accuracy": 0.5172413793103449,
    "pred_precision": 0.4090909090909091,
    "pred_recall": 0.9,
    "pred_f1_score": 0.5625000000000001,
    "exp_accuracy": 0.5172413793103449,
    "exp_precision": 0.4090909090909091,
    "exp_recall": 0.9,
    "exp_f1_score": 0.5625000000000001
  },
  "Run_2": {
    "pred_accuracy": 0.5172413793103449,
    "pred_precision": 0.4090909090909091,
    "pred_recall": 0.9,
    "pred_f1_score": 0.5625000000000001,
    "exp_accuracy": 0.5862068965517241,
    "exp_precision": 0.46153846153846156,
    "exp_recall": 0.5454545454545454,
    "exp_f1_score": 0.4999999999999999
  },
  "Run_3": {
    "pred_accuracy": 0.5517241379310345,
    "pred_precision": 0.43478260869565216,
    "pred_recall": 1.0,
    "pred_f1_score": 0.6060606060606061,
    "exp_accuracy": 0.5862068965517241,
    "exp_precision": 0.4117647058823529,
    "exp_recall": 0.7777777777777778,
    "exp_f1_score": 0.5384615384615384
  },
  "Run_4": {
    "pred_accuracy": 0.5172413793103449,
    "pred_precision": 0.4090909090909091,
    "pred_recall": 0.9,
    "pred_f1_score": 0.5625000000000001,
    "exp_accuracy": 0.5517241379310345,
    "exp_precision": 0.45454545454545453,
    "exp_recall": 0.9090909090909091,
    "exp_f1_score": 0.6060606060606061
  },
  "Run_5": {
    "pred_accuracy": 0.5172413793103449,
    "pred_precision": 0.4090909090909091,
    "pred_recall": 0.9,
    "pred_f1_score": 0.5625000000000001,
    "exp_accuracy": 0.4827586206896552,
    "exp_precision": 0.4,
    "exp_recall": 1.0,
    "exp_f1_score": 0.5714285714285715
  }
}