{
  "Run_1": {
    "pred_accuracy": 0.5172413793103449,
    "pred_precision": 0.4090909090909091,
    "pred_recall": 0.9,
    "pred_f1_score": 0.5625000000000001,
    "exp_accuracy": 0.5172413793103449,
    "exp_precision": 0.4090909090909091,
    "exp_recall": 0.9,
    "exp_f1_score": 0.5625000000000001
  },
  "Run_2": {
    "pred_accuracy": 0.6551724137931034,
    "pred_precision": 0.5,
    "pred_recall": 0.8,
    "pred_f1_score": 0.6153846153846154,
    "exp_accuracy": 0.5862068965517241,
    "exp_precision": 0.47058823529411764,
    "exp_recall": 0.7272727272727273,
    "exp_f1_score": 0.5714285714285714
  },
  "Run_3": {
    "pred_accuracy": 0.5517241379310345,
    "pred_precision": 0.43478260869565216,
    "pred_recall": 1.0,
    "pred_f1_score": 0.6060606060606061,
    "exp_accuracy": 0.5517241379310345,
    "exp_precision": 0.4090909090909091,
    "exp_recall": 1.0,
    "exp_f1_score": 0.5806451612903226
  },
  "Run_4": {
    "pred_accuracy": 0.5517241379310345,
    "pred_precision": 0.43478260869565216,
    "pred_recall": 1.0,
    "pred_f1_score": 0.6060606060606061,
    "exp_accuracy": 0.4482758620689655,
    "exp_precision": 0.36,
    "exp_recall": 1.0,
    "exp_f1_score": 0.5294117647058824
  },
  "Run_5": {
    "pred_accuracy": 0.5517241379310345,
    "pred_precision": 0.43478260869565216,
    "pred_recall": 1.0,
    "pred_f1_score": 0.6060606060606061,
    "exp_accuracy": 0.4827586206896552,
    "exp_precision": 0.34782608695652173,
    "exp_recall": 1.0,
    "exp_f1_score": 0.5161290322580645
  }
}