{
  "Run_1": {
    "pred_accuracy": 0.7647058823529411,
    "pred_precision": 0.7457627118644068,
    "pred_recall": 0.9777777777777777,
    "pred_f1_score": 0.8461538461538463,
    "exp_accuracy": 0.5735294117647058,
    "exp_precision": 0.6065573770491803,
    "exp_recall": 0.8809523809523809,
    "exp_f1_score": 0.7184466019417476
  },
  "Run_2": {
    "pred_accuracy": 0.7647058823529411,
    "pred_precision": 0.7543859649122807,
    "pred_recall": 0.9555555555555556,
    "pred_f1_score": 0.8431372549019609,
    "exp_accuracy": 0.75,
    "exp_precision": 0.7166666666666667,
    "exp_recall": 1.0,
    "exp_f1_score": 0.8349514563106796
  },
  "Run_3": {
    "pred_accuracy": 0.7794117647058824,
    "pred_precision": 0.7777777777777778,
    "pred_recall": 0.9333333333333333,
    "pred_f1_score": 0.8484848484848485,
    "exp_accuracy": 0.6764705882352942,
    "exp_precision": 0.6774193548387096,
    "exp_recall": 0.9545454545454546,
    "exp_f1_score": 0.7924528301886793
  },
  "Run_4": {
    "pred_accuracy": 0.8235294117647058,
    "pred_precision": 0.8235294117647058,
    "pred_recall": 0.9333333333333333,
    "pred_f1_score": 0.8749999999999999,
    "exp_accuracy": 0.7205882352941176,
    "exp_precision": 0.7121212121212122,
    "exp_recall": 1.0,
    "exp_f1_score": 0.8318584070796461
  },
  "Run_5": {
    "pred_accuracy": 0.7647058823529411,
    "pred_precision": 0.7457627118644068,
    "pred_recall": 0.9777777777777777,
    "pred_f1_score": 0.8461538461538463,
    "exp_accuracy": 0.6029411764705882,
    "exp_precision": 0.6666666666666666,
    "exp_recall": 0.7142857142857143,
    "exp_f1_score": 0.689655172413793
  }
}