{
  "Run_1": {
    "pred_accuracy": 0.7777777777777778,
    "pred_precision": 0.7058823529411765,
    "pred_recall": 0.8,
    "pred_f1_score": 0.7500000000000001,
    "exp_accuracy": 0.7777777777777778,
    "exp_precision": 0.7058823529411765,
    "exp_recall": 0.8,
    "exp_f1_score": 0.7500000000000001
  },
  "Run_2": {
    "pred_accuracy": 0.6111111111111112,
    "pred_precision": 0.5294117647058824,
    "pred_recall": 0.6,
    "pred_f1_score": 0.5625,
    "exp_accuracy": 0.6388888888888888,
    "exp_precision": 0.5882352941176471,
    "exp_recall": 0.625,
    "exp_f1_score": 0.6060606060606061
  },
  "Run_3": {
    "pred_accuracy": 0.75,
    "pred_precision": 0.7142857142857143,
    "pred_recall": 0.6666666666666666,
    "pred_f1_score": 0.689655172413793,
    "exp_accuracy": 0.7777777777777778,
    "exp_precision": 0.7857142857142857,
    "exp_recall": 0.6875,
    "exp_f1_score": 0.7333333333333334
  },
  "Run_4": {
    "pred_accuracy": 0.6666666666666666,
    "pred_precision": 0.6666666666666666,
    "pred_recall": 0.4,
    "pred_f1_score": 0.5,
    "exp_accuracy": 0.6944444444444444,
    "exp_precision": 0.6666666666666666,
    "exp_recall": 0.42857142857142855,
    "exp_f1_score": 0.5217391304347826
  },
  "Run_5": {
    "pred_accuracy": 0.5555555555555556,
    "pred_precision": 0.45454545454545453,
    "pred_recall": 0.3333333333333333,
    "pred_f1_score": 0.3846153846153846,
    "exp_accuracy": 0.5833333333333334,
    "exp_precision": 0.5454545454545454,
    "exp_recall": 0.375,
    "exp_f1_score": 0.4444444444444444
  }
}