{
  "Run_1": {
    "pred_accuracy": 0.8333333333333334,
    "pred_precision": 0.8461538461538461,
    "pred_recall": 0.7333333333333333,
    "pred_f1_score": 0.7857142857142856,
    "exp_accuracy": 0.8333333333333334,
    "exp_precision": 0.8461538461538461,
    "exp_recall": 0.7333333333333333,
    "exp_f1_score": 0.7857142857142856
  },
  "Run_2": {
    "pred_accuracy": 0.8333333333333334,
    "pred_precision": 1.0,
    "pred_recall": 0.6,
    "pred_f1_score": 0.7499999999999999,
    "exp_accuracy": 0.9444444444444444,
    "exp_precision": 1.0,
    "exp_recall": 0.8181818181818182,
    "exp_f1_score": 0.9
  },
  "Run_3": {
    "pred_accuracy": 0.8888888888888888,
    "pred_precision": 0.8666666666666667,
    "pred_recall": 0.8666666666666667,
    "pred_f1_score": 0.8666666666666667,
    "exp_accuracy": 0.9166666666666666,
    "exp_precision": 0.8666666666666667,
    "exp_recall": 0.9285714285714286,
    "exp_f1_score": 0.896551724137931
  },
  "Run_4": {
    "pred_accuracy": 0.8888888888888888,
    "pred_precision": 1.0,
    "pred_recall": 0.7333333333333333,
    "pred_f1_score": 0.846153846153846,
    "exp_accuracy": 0.8888888888888888,
    "exp_precision": 0.9090909090909091,
    "exp_recall": 0.7692307692307693,
    "exp_f1_score": 0.8333333333333333
  },
  "Run_5": {
    "pred_accuracy": 0.8333333333333334,
    "pred_precision": 0.8461538461538461,
    "pred_recall": 0.7333333333333333,
    "pred_f1_score": 0.7857142857142856,
    "exp_accuracy": 0.8888888888888888,
    "exp_precision": 1.0,
    "exp_recall": 0.7647058823529411,
    "exp_f1_score": 0.8666666666666666
  }
}