{
  "Run_1": {
    "pred_accuracy": 0.7222222222222222,
    "pred_precision": 0.6470588235294118,
    "pred_recall": 0.7333333333333333,
    "pred_f1_score": 0.6875,
    "exp_accuracy": 0.7222222222222222,
    "exp_precision": 0.6470588235294118,
    "exp_recall": 0.7333333333333333,
    "exp_f1_score": 0.6875
  },
  "Run_2": {
    "pred_accuracy": 0.7222222222222222,
    "pred_precision": 0.6470588235294118,
    "pred_recall": 0.7333333333333333,
    "pred_f1_score": 0.6875,
    "exp_accuracy": 0.7222222222222222,
    "exp_precision": 0.5294117647058824,
    "exp_recall": 0.8181818181818182,
    "exp_f1_score": 0.6428571428571428
  },
  "Run_3": {
    "pred_accuracy": 0.7222222222222222,
    "pred_precision": 0.6470588235294118,
    "pred_recall": 0.7333333333333333,
    "pred_f1_score": 0.6875,
    "exp_accuracy": 0.75,
    "exp_precision": 0.6470588235294118,
    "exp_recall": 0.7857142857142857,
    "exp_f1_score": 0.7096774193548386
  },
  "Run_4": {
    "pred_accuracy": 0.7222222222222222,
    "pred_precision": 0.6470588235294118,
    "pred_recall": 0.7333333333333333,
    "pred_f1_score": 0.6875,
    "exp_accuracy": 0.7222222222222222,
    "exp_precision": 0.5882352941176471,
    "exp_recall": 0.7692307692307693,
    "exp_f1_score": 0.6666666666666667
  },
  "Run_5": {
    "pred_accuracy": 0.7222222222222222,
    "pred_precision": 0.6470588235294118,
    "pred_recall": 0.7333333333333333,
    "pred_f1_score": 0.6875,
    "exp_accuracy": 0.7777777777777778,
    "exp_precision": 0.7647058823529411,
    "exp_recall": 0.7647058823529411,
    "exp_f1_score": 0.7647058823529412
  }
}