{
  "Run_1": {
    "pred_accuracy": 0.7058823529411765,
    "pred_precision": 0.7049180327868853,
    "pred_recall": 0.9555555555555556,
    "pred_f1_score": 0.8113207547169811,
    "exp_accuracy": 0.75,
    "exp_precision": 0.7741935483870968,
    "exp_recall": 0.9411764705882353,
    "exp_f1_score": 0.8495575221238938
  },
  "Run_2": {
    "pred_accuracy": 0.7058823529411765,
    "pred_precision": 0.7049180327868853,
    "pred_recall": 0.9555555555555556,
    "pred_f1_score": 0.8113207547169811,
    "exp_accuracy": 0.7205882352941176,
    "exp_precision": 0.7384615384615385,
    "exp_recall": 0.96,
    "exp_f1_score": 0.8347826086956522
  },
  "Run_3": {
    "pred_accuracy": 0.7058823529411765,
    "pred_precision": 0.7049180327868853,
    "pred_recall": 0.9555555555555556,
    "pred_f1_score": 0.8113207547169811,
    "exp_accuracy": 0.6176470588235294,
    "exp_precision": 0.6031746031746031,
    "exp_recall": 0.9743589743589743,
    "exp_f1_score": 0.7450980392156863
  },
  "Run_4": {
    "pred_accuracy": 0.7058823529411765,
    "pred_precision": 0.7049180327868853,
    "pred_recall": 0.9555555555555556,
    "pred_f1_score": 0.8113207547169811,
    "exp_accuracy": 0.7352941176470589,
    "exp_precision": 0.7377049180327869,
    "exp_recall": 0.9574468085106383,
    "exp_f1_score": 0.8333333333333334
  },
  "Run_5": {
    "pred_accuracy": 0.7058823529411765,
    "pred_precision": 0.7049180327868853,
    "pred_recall": 0.9555555555555556,
    "pred_f1_score": 0.8113207547169811,
    "exp_accuracy": 0.6911764705882353,
    "exp_precision": 0.7096774193548387,
    "exp_recall": 0.9361702127659575,
    "exp_f1_score": 0.8073394495412844
  }
}