{
    "dataset": "UMLS",
    "epochs": 30,
    "embedding_model": "Keci",
    "pre_trained_embeds": {
        "mrr": 0.35734957456588745,
        "hits_at_1": 0.2291981726884842,
        "hits_at_3": 0.4024205505847931,
        "hits_at_10": 0.6051437258720398
    },
    "random_embeds": {
        "mrr": 0.5314146876335144,
        "hits_at_1": 0.4009076952934265,
        "hits_at_3": 0.5892586708068848,
        "hits_at_10": 0.8040847182273865
    }
}