{
  "Run_1": {
    "pred_accuracy": 0.7794117647058824,
    "pred_precision": 0.7777777777777778,
    "pred_recall": 0.9333333333333333,
    "pred_f1_score": 0.8484848484848485,
    "exp_accuracy": 0.8823529411764706,
    "exp_precision": 0.9107142857142857,
    "exp_recall": 0.9444444444444444,
    "exp_f1_score": 0.9272727272727271
  },
  "Run_2": {
    "pred_accuracy": 0.7058823529411765,
    "pred_precision": 0.6984126984126984,
    "pred_recall": 0.9777777777777777,
    "pred_f1_score": 0.8148148148148148,
    "exp_accuracy": 0.6029411764705882,
    "exp_precision": 0.6029411764705882,
    "exp_recall": 1.0,
    "exp_f1_score": 0.7522935779816513
  },
  "Run_3": {
    "pred_accuracy": 0.7058823529411765,
    "pred_precision": 0.7049180327868853,
    "pred_recall": 0.9555555555555556,
    "pred_f1_score": 0.8113207547169811,
    "exp_accuracy": 0.7647058823529411,
    "exp_precision": 0.7142857142857143,
    "exp_recall": 1.0,
    "exp_f1_score": 0.8333333333333333
  },
  "Run_4": {
    "pred_accuracy": 0.7794117647058824,
    "pred_precision": 0.7777777777777778,
    "pred_recall": 0.9333333333333333,
    "pred_f1_score": 0.8484848484848485,
    "exp_accuracy": 0.7647058823529411,
    "exp_precision": 0.7666666666666667,
    "exp_recall": 0.9583333333333334,
    "exp_f1_score": 0.8518518518518519
  },
  "Run_5": {
    "pred_accuracy": 0.7794117647058824,
    "pred_precision": 0.7777777777777778,
    "pred_recall": 0.9333333333333333,
    "pred_f1_score": 0.8484848484848485,
    "exp_accuracy": 0.7205882352941176,
    "exp_precision": 0.7272727272727273,
    "exp_recall": 0.9090909090909091,
    "exp_f1_score": 0.8080808080808082
  }
}