{
    "mrr": 0.1224171370267868,
    "hits_at_1": 0.061663247644901276,
    "hits_at_3": 0.1239861249923706,
    "hits_at_10": 0.2447718232870102,
    "dataset": "FB15k-237",
    "epochs": 100,
    "Pre_trained_Embedds": "True"
}