{
    "dataset": "UMLS",
    "epochs": 100,
    "embedding_model": "Keci",
    "pre_trained_embeds": {
        "mrr": 0.5820316672325134,
        "hits_at_1": 0.4077155888080597,
        "hits_at_3": 0.696671724319458,
        "hits_at_10": 0.8827534317970276
    },
    "random_embeds": {
        "mrr": 0.5095973014831543,
        "hits_at_1": 0.38048410415649414,
        "hits_at_3": 0.5612707734107971,
        "hits_at_10": 0.7881997227668762
    }
}