{
    "dataset": "UMLS",
    "epochs": 30,
    "embedding_model": "Keci",
    "pre_trained_embeds": {
        "mrr": 0.28334665298461914,
        "hits_at_1": 0.15279878675937653,
        "hits_at_3": 0.315431147813797,
        "hits_at_10": 0.5627836585044861
    },
    "random_embeds": {
        "mrr": 0.5059066414833069,
        "hits_at_1": 0.37291979789733887,
        "hits_at_3": 0.5658093690872192,
        "hits_at_10": 0.7594553232192993
    }
}