{
    "dataset": "FB15k-237",
    "epochs": 100,
    "pre_trained_embeds": {
        "mrr": 0.12027119100093842,
        "hits_at_1": 0.05792533978819847,
        "hits_at_3": 0.12278901785612106,
        "hits_at_10": 0.24565131962299347
    },
    "random_embeds": {
        "mrr": 0.13770347833633423,
        "hits_at_1": 0.0738297700881958,
        "hits_at_3": 0.14270009100437164,
        "hits_at_10": 0.26443856954574585
    }
}