{
    "dataset": "UMLS",
    "epochs": 30,
    "embedding_model": "Keci",
    "pre_trained_embeds": {
        "mrr": 0.27081578969955444,
        "hits_at_1": 0.12405446171760559,
        "hits_at_3": 0.32980331778526306,
        "hits_at_10": 0.5400907397270203
    },
    "random_embeds": {
        "mrr": 0.4005314111709595,
        "hits_at_1": 0.24810892343521118,
        "hits_at_3": 0.47201207280158997,
        "hits_at_10": 0.6966716647148132
    }
}