{
    "mrr": 0.3970085382461548,
    "hits_at_1": 0.25113463401794434,
    "hits_at_3": 0.45385777950286865,
    "hits_at_10": 0.6754916906356812,
    "dataset": "UMLS",
    "epochs": 30,
    "Pre_trained_Embedds": "True"
}