{
    "dataset": "UMLS",
    "epochs": 30,
    "embedding_model": "Keci",
    "pre_trained_embeds": {
        "mrr": 0.24833722412586212,
        "hits_at_1": 0.1361573338508606,
        "hits_at_3": 0.25037819147109985,
        "hits_at_10": 0.48411494493484497
    },
    "random_embeds": {
        "mrr": 0.4420534372329712,
        "hits_at_1": 0.2965204119682312,
        "hits_at_3": 0.5068078637123108,
        "hits_at_10": 0.7269288897514343
    }
}