{
  "mutag": {
    "eval_fid": {
      "Model": "CELOE",
      "Metric": "Fidelity",
      "precision": 0.8225806451599635,
      "recall": 0.9622641509415806,
      "f1_score": 0.8869565216878942,
      "jaccard_similarity": 0.7968749999987549
    },
    "eval_expl_acc": {
      "Model": "CELOE",
      "Metric": "Explanation Accuracy",
      "precision": 0.7727272727237604,
      "recall": 0.7391304347793951,
      "f1_score": 0.7555555555022223,
      "jaccard_similarity": 0.6071428571406888
    }
  },
  "aifb": {
    "eval_fid": {
      "Model": "CELOE",
      "Metric": "Fidelity",
      "precision": 0.46774193548311654,
      "recall": 0.8055555555533178,
      "f1_score": 0.591836734646189,
      "jaccard_similarity": 0.4202898550718546
    },
    "eval_expl_acc": {
      "Model": "CELOE",
      "Metric": "Explanation Accuracy",
      "precision": 0.6122448979579341,
      "recall": 0.8333333333310184,
      "f1_score": 0.705882352890685,
      "jaccard_similarity": 0.5454545454535537
    }
  }
}