{
  "mutag": {
    "eval_fid": {
      "Model": "EVO",
      "Metric": "Fidelity",
      "precision": 0.7272727272714049,
      "recall": 0.8333333333315972,
      "f1_score": 0.7766990290749363,
      "jaccard_similarity": 0.6349206349196271
    },
    "eval_expl_acc": {
      "Model": "EVO",
      "Metric": "Explanation Accuracy",
      "precision": 0.0,
      "recall": 0.0,
      "f1_score": 0.0,
      "jaccard_similarity": 0.0
    },
    "eval_pred_acc": {
      "Model": "EVO",
      "Metric": "Prediction Accuracy",
      "precision": 0.5135135135121256,
      "recall": 0.8260869565181476,
      "f1_score": 0.6333333332839444,
      "jaccard_similarity": 0.46341463414521117
    }
  },
  "aifb": {
    "eval_fid": {
      "Model": "EVO",
      "Metric": "Fidelity",
      "precision": 0.4166666666657986,
      "recall": 0.5555555555540124,
      "f1_score": 0.4761904761403628,
      "jaccard_similarity": 0.3124999999995117
    },
    "eval_expl_acc": {
      "Model": "EVO",
      "Metric": "Explanation Accuracy",
      "precision": 0.0,
      "recall": 0.0,
      "f1_score": 0.0,
      "jaccard_similarity": 0.0
    },
    "eval_pred_acc": {
      "Model": "EVO",
      "Metric": "Prediction Accuracy",
      "precision": 0.5208333333322482,
      "recall": 0.6944444444425154,
      "f1_score": 0.5952380951876983,
      "jaccard_similarity": 0.4237288135586038
    }
  }
}