{
  "mutag": {
    "eval_fid": {
      "Model": "EVO",
      "Metric": "Fidelity",
      "precision": 0.7058823529397924,
      "recall": 0.7499999999984375,
      "f1_score": 0.7272727272213039,
      "jaccard_similarity": 0.5714285714276643
    },
    "eval_expl_acc": {
      "Model": "EVO",
      "Metric": "Prediction Accuracy",
      "precision": 0.5714285714265307,
      "recall": 0.695652173910019,
      "f1_score": 0.6274509803401769,
      "jaccard_similarity": 0.457142857141551
    }
  },
  "aifb": {
    "eval_fid": {
      "Model": "EVO",
      "Metric": "Fidelity",
      "precision": 0.3333333333320988,
      "recall": 0.24999999999930556,
      "f1_score": 0.2857142856643991,
      "jaccard_similarity": 0.16666666666635802
    },
    "eval_expl_acc": {
      "Model": "EVO",
      "Metric": "Prediction Accuracy",
      "precision": 0.6176470588217128,
      "recall": 0.5833333333317129,
      "f1_score": 0.5999999999483264,
      "jaccard_similarity": 0.4285714285705539
    }
  }
}