{
  "mutag": {
    "eval_fid": {
      "Model": "EVO",
      "Metric": "Fidelity",
      "precision": 0.8030303030290863,
      "recall": 0.9999999999981132,
      "f1_score": 0.8907563024701081,
      "jaccard_similarity": 0.8030303030290863
    },
    "eval_expl_acc": {
      "Model": "EVO",
      "Metric": "Explanation Accuracy",
      "precision": 0.6874999999978515,
      "recall": 0.956521739126276,
      "f1_score": 0.7999999999484296,
      "jaccard_similarity": 0.6666666666646465
    }
  },
  "aifb": {
    "eval_fid": {
      "Model": "EVO",
      "Metric": "Fidelity",
      "precision": 0.49180327868771834,
      "recall": 0.8333333333310184,
      "f1_score": 0.6185567009829738,
      "jaccard_similarity": 0.4477611940291824
    },
    "eval_expl_acc": {
      "Model": "EVO",
      "Metric": "Explanation Accuracy",
      "precision": 0.7435897435878369,
      "recall": 0.8055555555533178,
      "f1_score": 0.773333333281351,
      "jaccard_similarity": 0.6304347826073251
    }
  }
}