{
  "aifb": {
    "eval_pred": {
      "Model": "Hetero-RGCN",
      "Metric": "Prediction Accuracy",
      "precision": 0.944444444441821,
      "recall": 0.944444444441821,
      "f1_score": 0.944444444391821,
      "jaccard_similarity": 0.8947368421029085
    },
    "eval_fid": {
      "Model": "PGExplainer",
      "Metric": "Explanation Fidelity",
      "precision": 0.9166666666641203,
      "recall": 0.9166666666641203,
      "f1_score": 0.9166666666141203,
      "jaccard_similarity": 0.8461538461516764
    },
    "eval_expl_acc": {
      "Model": "PGExplainer",
      "Metric": "Explanation Accuracy",
      "precision": 0.9166666666641203,
      "recall": 0.9166666666641203,
      "f1_score": 0.9166666666141203,
      "jaccard_similarity": 0.8461538461516764
    }
  },
  "mutag": {
    "eval_pred": {
      "Model": "Hetero-RGCN",
      "Metric": "Prediction Accuracy",
      "precision": 0.7826086956504725,
      "recall": 0.7999999999982222,
      "f1_score": 0.7912087911570583,
      "jaccard_similarity": 0.6545454545442645
    },
    "eval_fid": {
      "Model": "PGExplainer",
      "Metric": "Explanation Fidelity",
      "precision": 0.7735849056589177,
      "recall": 0.8913043478241494,
      "f1_score": 0.828282828231405,
      "jaccard_similarity": 0.7068965517229191
    },
    "eval_expl_acc": {
      "Model": "PGExplainer",
      "Metric": "Explanation Accuracy",
      "precision": 0.7169811320741188,
      "recall": 0.8444444444425678,
      "f1_score": 0.7755102040303831,
      "jaccard_similarity": 0.6333333333322777
    }
  }
}