{
  "aifb": {
    "eval_pred": {
      "Model": "Hetero-RGCN",
      "Metric": "Prediction Accuracy",
      "precision": 0.944444444441821,
      "recall": 0.944444444441821,
      "f1_score": 0.944444444391821,
      "jaccard_similarity": 0.8947368421029085
    },
    "eval_fid": {
      "Model": "PGExplainer",
      "Metric": "Explanation Fidelity",
      "precision": 0.944444444441821,
      "recall": 0.944444444441821,
      "f1_score": 0.944444444391821,
      "jaccard_similarity": 0.8947368421029085
    },
    "eval_expl_acc": {
      "Model": "PGExplainer",
      "Metric": "Explanation Accuracy",
      "precision": 0.8888888888864197,
      "recall": 0.8888888888864197,
      "f1_score": 0.8888888888364197,
      "jaccard_similarity": 0.799999999998
    }
  },
  "mutag": {
    "eval_pred": {
      "Model": "Hetero-RGCN",
      "Metric": "Prediction Accuracy",
      "precision": 0.7499999999984375,
      "recall": 0.7999999999982222,
      "f1_score": 0.7741935483354838,
      "jaccard_similarity": 0.631578947367313
    },
    "eval_fid": {
      "Model": "PGExplainer",
      "Metric": "Explanation Fidelity",
      "precision": 0.8478260869546786,
      "recall": 0.8124999999983072,
      "f1_score": 0.8297872339908103,
      "jaccard_similarity": 0.7090909090896198
    },
    "eval_expl_acc": {
      "Model": "PGExplainer",
      "Metric": "Explanation Accuracy",
      "precision": 0.6739130434767958,
      "recall": 0.688888888887358,
      "f1_score": 0.68131868126719,
      "jaccard_similarity": 0.5166666666658055
    }
  }
}