{
  "aifb": {
    "eval_pred": {
      "Model": "Hetero-RGCN",
      "Metric": "Prediction Accuracy",
      "precision": 0.944444444441821,
      "recall": 0.944444444441821,
      "f1_score": 0.944444444391821,
      "jaccard_similarity": 0.8947368421029085
    },
    "eval_fid": {
      "Model": "SubGraphX",
      "Metric": "Explanation Fidelity",
      "precision": 0.6944444444425154,
      "recall": 0.6944444444425154,
      "f1_score": 0.6944444443925154,
      "jaccard_similarity": 0.5319148936158895
    },
    "eval_expl_acc": {
      "Model": "SubGraphX",
      "Metric": "Explanation Accuracy",
      "precision": 0.6666666666648148,
      "recall": 0.6666666666648148,
      "f1_score": 0.6666666666148148,
      "jaccard_similarity": 0.49999999999895833
    }
  },
  "mutag": {
    "eval_pred": {
      "Model": "Hetero-RGCN",
      "Metric": "Prediction Accuracy",
      "precision": 0.7499999999984375,
      "recall": 0.7999999999982222,
      "f1_score": 0.7741935483354838,
      "jaccard_similarity": 0.631578947367313
    },
    "eval_fid": {
      "Model": "SubGraphX",
      "Metric": "Explanation Fidelity",
      "precision": 0.7499999999986607,
      "recall": 0.8936170212746944,
      "f1_score": 0.8155339805313224,
      "jaccard_similarity": 0.6885245901628056
    },
    "eval_expl_acc": {
      "Model": "SubGraphX",
      "Metric": "Explanation Accuracy",
      "precision": 0.6428571428559948,
      "recall": 0.7999999999982222,
      "f1_score": 0.7128712870778943,
      "jaccard_similarity": 0.5538461538453018
    }
  }
}