{
  "aifb": {
    "eval_pred": {
      "Model": "Hetero-RGCN",
      "Metric": "Prediction Accuracy",
      "precision": 0.944444444441821,
      "recall": 0.944444444441821,
      "f1_score": 0.944444444391821,
      "jaccard_similarity": 0.8947368421029085
    },
    "eval_fid": {
      "Model": "SubGraphX",
      "Metric": "Explanation Fidelity",
      "precision": 0.8888888888864197,
      "recall": 0.8888888888864197,
      "f1_score": 0.8888888888364197,
      "jaccard_similarity": 0.799999999998
    },
    "eval_expl_acc": {
      "Model": "SubGraphX",
      "Metric": "Explanation Accuracy",
      "precision": 0.8888888888864197,
      "recall": 0.8888888888864197,
      "f1_score": 0.8888888888364197,
      "jaccard_similarity": 0.799999999998
    }
  },
  "mutag": {
    "eval_pred": {
      "Model": "Hetero-RGCN",
      "Metric": "Prediction Accuracy",
      "precision": 0.7826086956504725,
      "recall": 0.7999999999982222,
      "f1_score": 0.7912087911570583,
      "jaccard_similarity": 0.6545454545442645
    },
    "eval_fid": {
      "Model": "SubGraphX",
      "Metric": "Explanation Fidelity",
      "precision": 0.7884615384600222,
      "recall": 0.8913043478241494,
      "f1_score": 0.8367346938260308,
      "jaccard_similarity": 0.7192982456127731
    },
    "eval_expl_acc": {
      "Model": "SubGraphX",
      "Metric": "Explanation Accuracy",
      "precision": 0.7115384615370932,
      "recall": 0.822222222220395,
      "f1_score": 0.7628865978868317,
      "jaccard_similarity": 0.6166666666656389
    }
  }
}