{
  "Run_1": {
    "pred_accuracy": 0.6388888888888888,
    "pred_precision": 0.5357142857142857,
    "pred_recall": 1.0,
    "pred_f1_score": 0.6976744186046512,
    "exp_accuracy": 0.6944444444444444,
    "exp_precision": 0.5833333333333334,
    "exp_recall": 0.9333333333333333,
    "exp_f1_score": 0.7179487179487181
  },
  "Run_2": {
    "pred_accuracy": 0.6111111111111112,
    "pred_precision": 0.5172413793103449,
    "pred_recall": 1.0,
    "pred_f1_score": 0.6818181818181819,
    "exp_accuracy": 0.6388888888888888,
    "exp_precision": 0.5517241379310345,
    "exp_recall": 1.0,
    "exp_f1_score": 0.7111111111111111
  },
  "Run_3": {
    "pred_accuracy": 0.6111111111111112,
    "pred_precision": 0.5172413793103449,
    "pred_recall": 1.0,
    "pred_f1_score": 0.6818181818181819,
    "exp_accuracy": 0.6666666666666666,
    "exp_precision": 0.5769230769230769,
    "exp_recall": 0.9375,
    "exp_f1_score": 0.7142857142857143
  },
  "Run_4": {
    "pred_accuracy": 0.6944444444444444,
    "pred_precision": 0.5769230769230769,
    "pred_recall": 1.0,
    "pred_f1_score": 0.7317073170731707,
    "exp_accuracy": 0.5833333333333334,
    "exp_precision": 0.4827586206896552,
    "exp_recall": 1.0,
    "exp_f1_score": 0.6511627906976745
  },
  "Run_5": {
    "pred_accuracy": 0.6111111111111112,
    "pred_precision": 0.5172413793103449,
    "pred_recall": 1.0,
    "pred_f1_score": 0.6818181818181819,
    "exp_accuracy": 0.6388888888888888,
    "exp_precision": 0.5517241379310345,
    "exp_recall": 1.0,
    "exp_f1_score": 0.7111111111111111
  }
}