{
  "Run_1": {
    "pred_accuracy": 0.6944444444444444,
    "pred_precision": 0.5769230769230769,
    "pred_recall": 1.0,
    "pred_f1_score": 0.7317073170731707,
    "exp_accuracy": 0.6111111111111112,
    "exp_precision": 0.5,
    "exp_recall": 0.9285714285714286,
    "exp_f1_score": 0.65
  },
  "Run_2": {
    "pred_accuracy": 0.6666666666666666,
    "pred_precision": 0.5652173913043478,
    "pred_recall": 0.8666666666666667,
    "pred_f1_score": 0.6842105263157895,
    "exp_accuracy": 0.6944444444444444,
    "exp_precision": 0.6071428571428571,
    "exp_recall": 1.0,
    "exp_f1_score": 0.7555555555555554
  },
  "Run_3": {
    "pred_accuracy": 0.6944444444444444,
    "pred_precision": 0.5833333333333334,
    "pred_recall": 0.9333333333333333,
    "pred_f1_score": 0.7179487179487181,
    "exp_accuracy": 0.6666666666666666,
    "exp_precision": 0.5714285714285714,
    "exp_recall": 1.0,
    "exp_f1_score": 0.7272727272727273
  },
  "Run_4": {
    "pred_accuracy": 0.7222222222222222,
    "pred_precision": 0.6,
    "pred_recall": 1.0,
    "pred_f1_score": 0.7499999999999999,
    "exp_accuracy": 0.6388888888888888,
    "exp_precision": 0.5357142857142857,
    "exp_recall": 1.0,
    "exp_f1_score": 0.6976744186046512
  },
  "Run_5": {
    "pred_accuracy": 0.75,
    "pred_precision": 0.625,
    "pred_recall": 1.0,
    "pred_f1_score": 0.7692307692307693,
    "exp_accuracy": 0.75,
    "exp_precision": 0.6538461538461539,
    "exp_recall": 1.0,
    "exp_f1_score": 0.7906976744186047
  }
}