{
  "Run_1": {
    "pred_accuracy": 0.6111111111111112,
    "pred_precision": 0.5172413793103449,
    "pred_recall": 1.0,
    "pred_f1_score": 0.6818181818181819,
    "exp_accuracy": 0.6388888888888888,
    "exp_precision": 0.5384615384615384,
    "exp_recall": 0.9333333333333333,
    "exp_f1_score": 0.6829268292682926
  },
  "Run_2": {
    "pred_accuracy": 0.6944444444444444,
    "pred_precision": 0.5769230769230769,
    "pred_recall": 1.0,
    "pred_f1_score": 0.7317073170731707,
    "exp_accuracy": 0.5277777777777778,
    "exp_precision": 0.39285714285714285,
    "exp_recall": 1.0,
    "exp_f1_score": 0.5641025641025641
  },
  "Run_3": {
    "pred_accuracy": 0.6388888888888888,
    "pred_precision": 0.5357142857142857,
    "pred_recall": 1.0,
    "pred_f1_score": 0.6976744186046512,
    "exp_accuracy": 0.6111111111111112,
    "exp_precision": 0.5,
    "exp_recall": 1.0,
    "exp_f1_score": 0.6666666666666666
  },
  "Run_4": {
    "pred_accuracy": 0.6944444444444444,
    "pred_precision": 0.5833333333333334,
    "pred_recall": 0.9333333333333333,
    "pred_f1_score": 0.7179487179487181,
    "exp_accuracy": 0.7222222222222222,
    "exp_precision": 0.5789473684210527,
    "exp_recall": 0.8461538461538461,
    "exp_f1_score": 0.6875
  },
  "Run_5": {
    "pred_accuracy": 0.6666666666666666,
    "pred_precision": 0.56,
    "pred_recall": 0.9333333333333333,
    "pred_f1_score": 0.7000000000000001,
    "exp_accuracy": 0.6944444444444444,
    "exp_precision": 0.6153846153846154,
    "exp_recall": 0.9411764705882353,
    "exp_f1_score": 0.744186046511628
  }
}