{
  "Run_1": {
    "pred_accuracy": 0.7647058823529411,
    "pred_precision": 0.7457627118644068,
    "pred_recall": 0.9777777777777777,
    "pred_f1_score": 0.8461538461538463,
    "exp_accuracy": 0.6617647058823529,
    "exp_precision": 0.6833333333333333,
    "exp_recall": 0.9111111111111111,
    "exp_f1_score": 0.7809523809523808
  },
  "Run_2": {
    "pred_accuracy": 0.7794117647058824,
    "pred_precision": 0.7777777777777778,
    "pred_recall": 0.9333333333333333,
    "pred_f1_score": 0.8484848484848485,
    "exp_accuracy": 0.4852941176470588,
    "exp_precision": 0.36363636363636365,
    "exp_recall": 0.6956521739130435,
    "exp_f1_score": 0.4776119402985074
  },
  "Run_3": {
    "pred_accuracy": 0.7352941176470589,
    "pred_precision": 0.7454545454545455,
    "pred_recall": 0.9111111111111111,
    "pred_f1_score": 0.8200000000000001,
    "exp_accuracy": 0.5882352941176471,
    "exp_precision": 0.5846153846153846,
    "exp_recall": 0.9743589743589743,
    "exp_f1_score": 0.7307692307692307
  },
  "Run_4": {
    "pred_accuracy": 0.7205882352941176,
    "pred_precision": 0.7407407407407407,
    "pred_recall": 0.8888888888888888,
    "pred_f1_score": 0.808080808080808,
    "exp_accuracy": 0.6323529411764706,
    "exp_precision": 0.6129032258064516,
    "exp_recall": 0.9743589743589743,
    "exp_f1_score": 0.7524752475247525
  },
  "Run_5": {
    "pred_accuracy": 0.7205882352941176,
    "pred_precision": 0.8095238095238095,
    "pred_recall": 0.7555555555555555,
    "pred_f1_score": 0.7816091954022989,
    "exp_accuracy": 0.7941176470588235,
    "exp_precision": 0.8153846153846154,
    "exp_recall": 0.9636363636363636,
    "exp_f1_score": 0.8833333333333333
  }
}