{
    "dataset": "UMLS",
    "epochs": 30,
    "embedding_model": "Keci",
    "pre_trained_embeds": {
        "mrr": 0.39796656370162964,
        "hits_at_1": 0.26323750615119934,
        "hits_at_3": 0.44931918382644653,
        "hits_at_10": 0.6475037336349487
    },
    "random_embeds": {
        "mrr": 0.5124743580818176,
        "hits_at_1": 0.38048410415649414,
        "hits_at_3": 0.5642964839935303,
        "hits_at_10": 0.7760968208312988
    }
}