{
  "Run_1": {
    "pred_accuracy": 0.9166666666666666,
    "pred_precision": 0.8333333333333334,
    "pred_recall": 1.0,
    "pred_f1_score": 0.9090909090909091,
    "exp_accuracy": 0.9444444444444444,
    "exp_precision": 0.8888888888888888,
    "exp_recall": 1.0,
    "exp_f1_score": 0.9411764705882353
  },
  "Run_2": {
    "pred_accuracy": 0.8055555555555556,
    "pred_precision": 0.7,
    "pred_recall": 0.9333333333333333,
    "pred_f1_score": 0.8,
    "exp_accuracy": 0.8333333333333334,
    "exp_precision": 0.7,
    "exp_recall": 1.0,
    "exp_f1_score": 0.8235294117647058
  },
  "Run_3": {
    "pred_accuracy": 0.8333333333333334,
    "pred_precision": 0.8461538461538461,
    "pred_recall": 0.7333333333333333,
    "pred_f1_score": 0.7857142857142856,
    "exp_accuracy": 0.8611111111111112,
    "exp_precision": 0.9230769230769231,
    "exp_recall": 0.75,
    "exp_f1_score": 0.8275862068965517
  },
  "Run_4": {
    "pred_accuracy": 0.8888888888888888,
    "pred_precision": 0.9230769230769231,
    "pred_recall": 0.8,
    "pred_f1_score": 0.8571428571428571,
    "exp_accuracy": 0.8611111111111112,
    "exp_precision": 0.9230769230769231,
    "exp_recall": 0.75,
    "exp_f1_score": 0.8275862068965517
  },
  "Run_5": {
    "pred_accuracy": 0.8333333333333334,
    "pred_precision": 0.8461538461538461,
    "pred_recall": 0.7333333333333333,
    "pred_f1_score": 0.7857142857142856,
    "exp_accuracy": 0.8611111111111112,
    "exp_precision": 0.8461538461538461,
    "exp_recall": 0.7857142857142857,
    "exp_f1_score": 0.8148148148148148
  }
}