{
  "0": {
    "pred_accuracy": 0.6470588235294118,
    "pred_precision": 0.6721311475409836,
    "pred_recall": 0.9111111111111111,
    "pred_f1_score": 0.7735849056603773,
    "exp_accuracy": 0.6617647058823529,
    "exp_precision": 0.6721311475409836,
    "exp_recall": 0.9318181818181818,
    "exp_f1_score": 0.780952380952381
  },
  "1": {
    "pred_accuracy": 0.6911764705882353,
    "pred_precision": 0.7142857142857143,
    "pred_recall": 0.8888888888888888,
    "pred_f1_score": 0.792079207920792,
    "exp_accuracy": 0.7058823529411765,
    "exp_precision": 0.7321428571428571,
    "exp_recall": 0.8913043478260869,
    "exp_f1_score": 0.8039215686274508
  },
  "2": {
    "pred_accuracy": 0.5588235294117647,
    "pred_precision": 0.6595744680851063,
    "pred_recall": 0.6888888888888889,
    "pred_f1_score": 0.6739130434782609,
    "exp_accuracy": 0.7352941176470589,
    "exp_precision": 0.851063829787234,
    "exp_recall": 0.7843137254901961,
    "exp_f1_score": 0.8163265306122448
  },
  "3": {
    "pred_accuracy": 0.5441176470588235,
    "pred_precision": 0.6666666666666666,
    "pred_recall": 0.6222222222222222,
    "pred_f1_score": 0.6436781609195403,
    "exp_accuracy": 0.7058823529411765,
    "exp_precision": 0.8809523809523809,
    "exp_recall": 0.7115384615384616,
    "exp_f1_score": 0.7872340425531914
  },
  "4": {
    "pred_accuracy": 0.5147058823529411,
    "pred_precision": 0.6428571428571429,
    "pred_recall": 0.6,
    "pred_f1_score": 0.6206896551724138,
    "exp_accuracy": 0.8382352941176471,
    "exp_precision": 0.9285714285714286,
    "exp_recall": 0.8297872340425532,
    "exp_f1_score": 0.8764044943820225
  }
}