{
    "mrr": 0.1169498935341835,
    "hits_at_1": 0.05726571008563042,
    "hits_at_3": 0.11751197278499603,
    "hits_at_10": 0.23651422560214996,
    "dataset": "FB15k-237",
    "epochs": 100,
    "Pre_trained_Embedds": "True"
}