{
  "Run_1": {
    "pred_accuracy": 0.8611111111111112,
    "pred_precision": 0.7777777777777778,
    "pred_recall": 0.9333333333333333,
    "pred_f1_score": 0.8484848484848485,
    "exp_accuracy": 0.9166666666666666,
    "exp_precision": 0.8888888888888888,
    "exp_recall": 0.9411764705882353,
    "exp_f1_score": 0.9142857142857143
  },
  "Run_2": {
    "pred_accuracy": 0.75,
    "pred_precision": 0.6363636363636364,
    "pred_recall": 0.9333333333333333,
    "pred_f1_score": 0.7567567567567568,
    "exp_accuracy": 0.75,
    "exp_precision": 0.6818181818181818,
    "exp_recall": 0.8823529411764706,
    "exp_f1_score": 0.7692307692307693
  },
  "Run_3": {
    "pred_accuracy": 0.9444444444444444,
    "pred_precision": 0.9333333333333333,
    "pred_recall": 0.9333333333333333,
    "pred_f1_score": 0.9333333333333333,
    "exp_accuracy": 0.9166666666666666,
    "exp_precision": 0.9333333333333333,
    "exp_recall": 0.875,
    "exp_f1_score": 0.9032258064516129
  },
  "Run_4": {
    "pred_accuracy": 0.8611111111111112,
    "pred_precision": 0.75,
    "pred_recall": 1.0,
    "pred_f1_score": 0.8571428571428571,
    "exp_accuracy": 0.8888888888888888,
    "exp_precision": 0.8,
    "exp_recall": 1.0,
    "exp_f1_score": 0.888888888888889
  },
  "Run_5": {
    "pred_accuracy": 0.8888888888888888,
    "pred_precision": 0.8235294117647058,
    "pred_recall": 0.9333333333333333,
    "pred_f1_score": 0.8749999999999999,
    "exp_accuracy": 0.9444444444444444,
    "exp_precision": 0.8823529411764706,
    "exp_recall": 1.0,
    "exp_f1_score": 0.9375
  }
}