{
  "Run_1": {
    "pred_accuracy": 0.9722222222222222,
    "pred_precision": 0.9375,
    "pred_recall": 1.0,
    "pred_f1_score": 0.967741935483871,
    "exp_accuracy": 1.0,
    "exp_precision": 1.0,
    "exp_recall": 1.0,
    "exp_f1_score": 1.0
  }
}