{
  "Run_1": {
    "pred_accuracy": 0.6206896551724138,
    "pred_precision": 0.47058823529411764,
    "pred_recall": 0.8,
    "pred_f1_score": 0.5925925925925927,
    "exp_accuracy": 0.6206896551724138,
    "exp_precision": 0.47058823529411764,
    "exp_recall": 0.8,
    "exp_f1_score": 0.5925925925925927
  },
  "Run_2": {
    "pred_accuracy": 0.6551724137931034,
    "pred_precision": 0.5,
    "pred_recall": 0.7,
    "pred_f1_score": 0.5833333333333334,
    "exp_accuracy": 0.6896551724137931,
    "exp_precision": 0.5714285714285714,
    "exp_recall": 0.7272727272727273,
    "exp_f1_score": 0.64
  },
  "Run_3": {
    "pred_accuracy": 0.6551724137931034,
    "pred_precision": 0.5,
    "pred_recall": 0.1,
    "pred_f1_score": 0.16666666666666669,
    "exp_accuracy": 0.7586206896551724,
    "exp_precision": 1.0,
    "exp_recall": 0.2222222222222222,
    "exp_f1_score": 0.3636363636363636
  },
  "Run_4": {
    "pred_accuracy": 0.4482758620689655,
    "pred_precision": 0.3125,
    "pred_recall": 0.5,
    "pred_f1_score": 0.38461538461538464,
    "exp_accuracy": 0.5517241379310345,
    "exp_precision": 0.4375,
    "exp_recall": 0.6363636363636364,
    "exp_f1_score": 0.5185185185185185
  },
  "Run_5": {
    "pred_accuracy": 0.6551724137931034,
    "pred_precision": 0.5,
    "pred_recall": 0.3,
    "pred_f1_score": 0.37499999999999994,
    "exp_accuracy": 0.7241379310344828,
    "exp_precision": 0.6666666666666666,
    "exp_recall": 0.4,
    "exp_f1_score": 0.5
  }
}