{
  "Run_1": {
    "pred_accuracy": 0.3235294117647059,
    "pred_precision": 0.4838709677419355,
    "pred_recall": 0.3333333333333333,
    "pred_f1_score": 0.39473684210526316,
    "exp_accuracy": 0.4852941176470588,
    "exp_precision": 0.8064516129032258,
    "exp_recall": 0.46296296296296297,
    "exp_f1_score": 0.5882352941176471
  },
  "Run_2": {
    "pred_accuracy": 0.5588235294117647,
    "pred_precision": 0.7027027027027027,
    "pred_recall": 0.5777777777777777,
    "pred_f1_score": 0.6341463414634145,
    "exp_accuracy": 0.7352941176470589,
    "exp_precision": 0.8108108108108109,
    "exp_recall": 0.7317073170731707,
    "exp_f1_score": 0.7692307692307694
  },
  "Run_3": {
    "pred_accuracy": 0.5294117647058824,
    "pred_precision": 0.6382978723404256,
    "pred_recall": 0.6666666666666666,
    "pred_f1_score": 0.6521739130434782,
    "exp_accuracy": 0.6323529411764706,
    "exp_precision": 0.6595744680851063,
    "exp_recall": 0.775,
    "exp_f1_score": 0.7126436781609196
  },
  "Run_4": {
    "pred_accuracy": 0.5588235294117647,
    "pred_precision": 0.6829268292682927,
    "pred_recall": 0.6222222222222222,
    "pred_f1_score": 0.6511627906976744,
    "exp_accuracy": 0.7794117647058824,
    "exp_precision": 0.9024390243902439,
    "exp_recall": 0.7708333333333334,
    "exp_f1_score": 0.8314606741573034
  },
  "Run_5": {
    "pred_accuracy": 0.5294117647058824,
    "pred_precision": 0.7096774193548387,
    "pred_recall": 0.4888888888888889,
    "pred_f1_score": 0.5789473684210527,
    "exp_accuracy": 0.75,
    "exp_precision": 0.9354838709677419,
    "exp_recall": 0.6590909090909091,
    "exp_f1_score": 0.7733333333333332
  }
}