{
  "Run_1": {
    "pred_accuracy": 0.9722222222222222,
    "pred_precision": 0.9375,
    "pred_recall": 1.0,
    "pred_f1_score": 0.967741935483871,
    "exp_accuracy": 0.9722222222222222,
    "exp_precision": 0.9375,
    "exp_recall": 1.0,
    "exp_f1_score": 0.967741935483871
  },
  "Run_2": {
    "pred_accuracy": 0.8888888888888888,
    "pred_precision": 1.0,
    "pred_recall": 0.7333333333333333,
    "pred_f1_score": 0.846153846153846,
    "exp_accuracy": 0.9444444444444444,
    "exp_precision": 0.9090909090909091,
    "exp_recall": 0.9090909090909091,
    "exp_f1_score": 0.9090909090909091
  },
  "Run_3": {
    "pred_accuracy": 0.9444444444444444,
    "pred_precision": 0.9333333333333333,
    "pred_recall": 0.9333333333333333,
    "pred_f1_score": 0.9333333333333333,
    "exp_accuracy": 0.9722222222222222,
    "exp_precision": 0.9333333333333333,
    "exp_recall": 1.0,
    "exp_f1_score": 0.9655172413793104
  },
  "Run_4": {
    "pred_accuracy": 0.8888888888888888,
    "pred_precision": 0.9230769230769231,
    "pred_recall": 0.8,
    "pred_f1_score": 0.8571428571428571,
    "exp_accuracy": 1.0,
    "exp_precision": 1.0,
    "exp_recall": 1.0,
    "exp_f1_score": 1.0
  },
  "Run_5": {
    "pred_accuracy": 0.8888888888888888,
    "pred_precision": 0.8666666666666667,
    "pred_recall": 0.8666666666666667,
    "pred_f1_score": 0.8666666666666667,
    "exp_accuracy": 0.9444444444444444,
    "exp_precision": 1.0,
    "exp_recall": 0.8823529411764706,
    "exp_f1_score": 0.9375
  }
}