{
  "Run_1": {
    "pred_accuracy": 0.7777777777777778,
    "pred_precision": 0.7058823529411765,
    "pred_recall": 0.8,
    "pred_f1_score": 0.7500000000000001,
    "exp_accuracy": 0.7777777777777778,
    "exp_precision": 0.7058823529411765,
    "exp_recall": 0.8,
    "exp_f1_score": 0.7500000000000001
  },
  "Run_2": {
    "pred_accuracy": 0.6944444444444444,
    "pred_precision": 0.6111111111111112,
    "pred_recall": 0.7333333333333333,
    "pred_f1_score": 0.6666666666666666,
    "exp_accuracy": 0.7222222222222222,
    "exp_precision": 0.6666666666666666,
    "exp_recall": 0.75,
    "exp_f1_score": 0.7058823529411765
  },
  "Run_3": {
    "pred_accuracy": 0.8055555555555556,
    "pred_precision": 0.8333333333333334,
    "pred_recall": 0.6666666666666666,
    "pred_f1_score": 0.7407407407407408,
    "exp_accuracy": 0.8333333333333334,
    "exp_precision": 0.9166666666666666,
    "exp_recall": 0.6875,
    "exp_f1_score": 0.7857142857142857
  },
  "Run_4": {
    "pred_accuracy": 0.8055555555555556,
    "pred_precision": 0.9,
    "pred_recall": 0.6,
    "pred_f1_score": 0.7200000000000001,
    "exp_accuracy": 0.8333333333333334,
    "exp_precision": 0.9,
    "exp_recall": 0.6428571428571429,
    "exp_f1_score": 0.75
  },
  "Run_5": {
    "pred_accuracy": 0.5555555555555556,
    "pred_precision": 0.45454545454545453,
    "pred_recall": 0.3333333333333333,
    "pred_f1_score": 0.3846153846153846,
    "exp_accuracy": 0.5833333333333334,
    "exp_precision": 0.5454545454545454,
    "exp_recall": 0.375,
    "exp_f1_score": 0.4444444444444444
  }
}