{
  "Run_1": {
    "pred_accuracy": 0.9444444444444444,
    "pred_precision": 0.8823529411764706,
    "pred_recall": 1.0,
    "pred_f1_score": 0.9375,
    "exp_accuracy": 0.9722222222222222,
    "exp_precision": 0.9411764705882353,
    "exp_recall": 1.0,
    "exp_f1_score": 0.9696969696969697
  },
  "Run_2": {
    "pred_accuracy": 0.8888888888888888,
    "pred_precision": 0.8235294117647058,
    "pred_recall": 0.9333333333333333,
    "pred_f1_score": 0.8749999999999999,
    "exp_accuracy": 0.9166666666666666,
    "exp_precision": 0.8235294117647058,
    "exp_recall": 1.0,
    "exp_f1_score": 0.9032258064516129
  },
  "Run_3": {
    "pred_accuracy": 0.8888888888888888,
    "pred_precision": 0.8666666666666667,
    "pred_recall": 0.8666666666666667,
    "pred_f1_score": 0.8666666666666667,
    "exp_accuracy": 0.9166666666666666,
    "exp_precision": 0.9333333333333333,
    "exp_recall": 0.875,
    "exp_f1_score": 0.9032258064516129
  },
  "Run_4": {
    "pred_accuracy": 0.9444444444444444,
    "pred_precision": 1.0,
    "pred_recall": 0.8666666666666667,
    "pred_f1_score": 0.9285714285714286,
    "exp_accuracy": 0.9166666666666666,
    "exp_precision": 1.0,
    "exp_recall": 0.8125,
    "exp_f1_score": 0.896551724137931
  },
  "Run_5": {
    "pred_accuracy": 0.9166666666666666,
    "pred_precision": 0.875,
    "pred_recall": 0.9333333333333333,
    "pred_f1_score": 0.9032258064516129,
    "exp_accuracy": 0.9444444444444444,
    "exp_precision": 0.875,
    "exp_recall": 1.0,
    "exp_f1_score": 0.9333333333333333
  }
}