{
  "0": {
    "pred_accuracy": 0.8611111111111112,
    "pred_precision": 0.9,
    "pred_recall": 0.8571428571428571,
    "pred_f1_score": 0.8780487804878048,
    "exp_accuracy": 0.9444444444444444,
    "exp_precision": 0.95,
    "exp_recall": 0.95,
    "exp_f1_score": 0.9500000000000001
  },
  "1": {
    "pred_accuracy": 0.8611111111111112,
    "pred_precision": 0.9,
    "pred_recall": 0.8571428571428571,
    "pred_f1_score": 0.8780487804878048,
    "exp_accuracy": 0.9722222222222222,
    "exp_precision": 0.95,
    "exp_recall": 1.0,
    "exp_f1_score": 0.9743589743589743
  },
  "2": {
    "pred_accuracy": 0.9444444444444444,
    "pred_precision": 1.0,
    "pred_recall": 0.9047619047619048,
    "pred_f1_score": 0.9500000000000001,
    "exp_accuracy": 0.9722222222222222,
    "exp_precision": 1.0,
    "exp_recall": 0.95,
    "exp_f1_score": 0.9743589743589743
  },
  "3": {
    "pred_accuracy": 0.9166666666666666,
    "pred_precision": 0.875,
    "pred_recall": 1.0,
    "pred_f1_score": 0.9333333333333333,
    "exp_accuracy": 0.9166666666666666,
    "exp_precision": 0.875,
    "exp_recall": 1.0,
    "exp_f1_score": 0.9333333333333333
  },
  "4": {
    "pred_accuracy": 0.9166666666666666,
    "pred_precision": 0.9090909090909091,
    "pred_recall": 0.9523809523809523,
    "pred_f1_score": 0.9302325581395349,
    "exp_accuracy": 0.9722222222222222,
    "exp_precision": 0.9545454545454546,
    "exp_recall": 1.0,
    "exp_f1_score": 0.9767441860465117
  }
}