{
  "0": {
    "pred_accuracy": 0.6470588235294118,
    "pred_precision": 0.6721311475409836,
    "pred_recall": 0.9111111111111111,
    "pred_f1_score": 0.7735849056603773,
    "exp_accuracy": 0.6617647058823529,
    "exp_precision": 0.6721311475409836,
    "exp_recall": 0.9318181818181818,
    "exp_f1_score": 0.780952380952381
  },
  "1": {
    "pred_accuracy": 0.6176470588235294,
    "pred_precision": 0.6862745098039216,
    "pred_recall": 0.7777777777777778,
    "pred_f1_score": 0.7291666666666667,
    "exp_accuracy": 0.75,
    "exp_precision": 0.7843137254901961,
    "exp_recall": 0.8695652173913043,
    "exp_f1_score": 0.8247422680412372
  },
  "2": {
    "pred_accuracy": 0.5588235294117647,
    "pred_precision": 0.6595744680851063,
    "pred_recall": 0.6888888888888889,
    "pred_f1_score": 0.6739130434782609,
    "exp_accuracy": 0.7352941176470589,
    "exp_precision": 0.851063829787234,
    "exp_recall": 0.7843137254901961,
    "exp_f1_score": 0.8163265306122448
  },
  "3": {
    "pred_accuracy": 0.5441176470588235,
    "pred_precision": 0.6666666666666666,
    "pred_recall": 0.6222222222222222,
    "pred_f1_score": 0.6436781609195403,
    "exp_accuracy": 0.7058823529411765,
    "exp_precision": 0.8809523809523809,
    "exp_recall": 0.7115384615384616,
    "exp_f1_score": 0.7872340425531914
  },
  "4": {
    "pred_accuracy": 0.5735294117647058,
    "pred_precision": 0.6666666666666666,
    "pred_recall": 0.7111111111111111,
    "pred_f1_score": 0.6881720430107527,
    "exp_accuracy": 0.8970588235294118,
    "exp_precision": 0.9166666666666666,
    "exp_recall": 0.9361702127659575,
    "exp_f1_score": 0.9263157894736843
  }
}