{
    "dataset": "UMLS",
    "epochs": 30,
    "embedding_model": "Keci",
    "pre_trained_embeds": {
        "mrr": 0.3475755751132965,
        "hits_at_1": 0.20045384764671326,
        "hits_at_3": 0.4001512825489044,
        "hits_at_10": 0.6437216401100159
    },
    "random_embeds": {
        "mrr": 0.5207556486129761,
        "hits_at_1": 0.38729196786880493,
        "hits_at_3": 0.5869894027709961,
        "hits_at_10": 0.7889561057090759
    }
}