{
    "dataset": "FB15k-237",
    "epochs": 100,
    "embedding_model": "ConEx",
    "pre_trained_embeds": {
        "mrr": 0.10949447005987167,
        "hits_at_1": 0.05404084920883179,
        "hits_at_3": 0.10659141838550568,
        "hits_at_10": 0.22014561295509338
    },
    "random_embeds": {
        "mrr": 0.14028634130954742,
        "hits_at_1": 0.0751245990395546,
        "hits_at_3": 0.14397048950195312,
        "hits_at_10": 0.2705218493938446
    }
}