{
  "Run_1": {
    "pred_accuracy": 0.8611111111111112,
    "pred_precision": 0.8125,
    "pred_recall": 0.8666666666666667,
    "pred_f1_score": 0.8387096774193549,
    "exp_accuracy": 0.9166666666666666,
    "exp_precision": 0.9375,
    "exp_recall": 0.8823529411764706,
    "exp_f1_score": 0.9090909090909091
  },
  "Run_2": {
    "pred_accuracy": 0.6388888888888888,
    "pred_precision": 0.5384615384615384,
    "pred_recall": 0.9333333333333333,
    "pred_f1_score": 0.6829268292682926,
    "exp_accuracy": 0.6388888888888888,
    "exp_precision": 0.5769230769230769,
    "exp_recall": 0.8823529411764706,
    "exp_f1_score": 0.6976744186046512
  },
  "Run_3": {
    "pred_accuracy": 0.8333333333333334,
    "pred_precision": 1.0,
    "pred_recall": 0.6,
    "pred_f1_score": 0.7499999999999999,
    "exp_accuracy": 0.8055555555555556,
    "exp_precision": 1.0,
    "exp_recall": 0.5625,
    "exp_f1_score": 0.72
  },
  "Run_4": {
    "pred_accuracy": 0.8333333333333334,
    "pred_precision": 0.7368421052631579,
    "pred_recall": 0.9333333333333333,
    "pred_f1_score": 0.8235294117647058,
    "exp_accuracy": 0.8611111111111112,
    "exp_precision": 0.7894736842105263,
    "exp_recall": 0.9375,
    "exp_f1_score": 0.8571428571428572
  },
  "Run_5": {
    "pred_accuracy": 0.8611111111111112,
    "pred_precision": 0.8571428571428571,
    "pred_recall": 0.8,
    "pred_f1_score": 0.8275862068965518,
    "exp_accuracy": 0.8611111111111112,
    "exp_precision": 0.8571428571428571,
    "exp_recall": 0.8,
    "exp_f1_score": 0.8275862068965518
  }
}