{
  "Run_1": {
    "pred_accuracy": 0.7241379310344828,
    "pred_precision": 0.6,
    "pred_recall": 0.6,
    "pred_f1_score": 0.6,
    "exp_accuracy": 0.6551724137931034,
    "exp_precision": 0.5,
    "exp_recall": 0.5,
    "exp_f1_score": 0.5
  },
  "Run_2": {
    "pred_accuracy": 0.6206896551724138,
    "pred_precision": 0.4444444444444444,
    "pred_recall": 0.4,
    "pred_f1_score": 0.4210526315789474,
    "exp_accuracy": 0.7241379310344828,
    "exp_precision": 0.6666666666666666,
    "exp_recall": 0.5454545454545454,
    "exp_f1_score": 0.6
  },
  "Run_3": {
    "pred_accuracy": 0.4827586206896552,
    "pred_precision": 0.2222222222222222,
    "pred_recall": 0.2,
    "pred_f1_score": 0.2105263157894737,
    "exp_accuracy": 0.5862068965517241,
    "exp_precision": 0.3333333333333333,
    "exp_recall": 0.3333333333333333,
    "exp_f1_score": 0.3333333333333333
  },
  "Run_4": {
    "pred_accuracy": 0.7241379310344828,
    "pred_precision": 0.75,
    "pred_recall": 0.3,
    "pred_f1_score": 0.4285714285714285,
    "exp_accuracy": 0.7586206896551724,
    "exp_precision": 0.75,
    "exp_recall": 0.3333333333333333,
    "exp_f1_score": 0.46153846153846156
  },
  "Run_5": {
    "pred_accuracy": 0.6551724137931034,
    "pred_precision": 0.5,
    "pred_recall": 0.1,
    "pred_f1_score": 0.16666666666666669,
    "exp_accuracy": 0.7241379310344828,
    "exp_precision": 0.5,
    "exp_recall": 0.125,
    "exp_f1_score": 0.2
  }
}