{
  "Run_1": {
    "pred_accuracy": 0.6029411764705882,
    "pred_precision": 0.7045454545454546,
    "pred_recall": 0.6888888888888889,
    "pred_f1_score": 0.6966292134831461,
    "exp_accuracy": 0.8823529411764706,
    "exp_precision": 0.8863636363636364,
    "exp_recall": 0.9285714285714286,
    "exp_f1_score": 0.9069767441860465
  },
  "Run_2": {
    "pred_accuracy": 0.5,
    "pred_precision": 0.6774193548387096,
    "pred_recall": 0.4666666666666667,
    "pred_f1_score": 0.5526315789473684,
    "exp_accuracy": 0.6176470588235294,
    "exp_precision": 0.7741935483870968,
    "exp_recall": 0.5581395348837209,
    "exp_f1_score": 0.6486486486486487
  },
  "Run_3": {
    "pred_accuracy": 0.5588235294117647,
    "pred_precision": 0.6595744680851063,
    "pred_recall": 0.6888888888888889,
    "pred_f1_score": 0.6739130434782609,
    "exp_accuracy": 0.8382352941176471,
    "exp_precision": 0.851063829787234,
    "exp_recall": 0.9090909090909091,
    "exp_f1_score": 0.8791208791208791
  },
  "Run_4": {
    "pred_accuracy": 0.6029411764705882,
    "pred_precision": 0.725,
    "pred_recall": 0.6444444444444445,
    "pred_f1_score": 0.6823529411764706,
    "exp_accuracy": 0.7205882352941176,
    "exp_precision": 0.85,
    "exp_recall": 0.723404255319149,
    "exp_f1_score": 0.7816091954022989
  },
  "Run_5": {
    "pred_accuracy": 0.6323529411764706,
    "pred_precision": 0.6666666666666666,
    "pred_recall": 0.8888888888888888,
    "pred_f1_score": 0.761904761904762,
    "exp_accuracy": 0.7058823529411765,
    "exp_precision": 0.6833333333333333,
    "exp_recall": 0.9761904761904762,
    "exp_f1_score": 0.803921568627451
  }
}