{
    "dataset": "FB15k-237",
    "epochs": 10,
    "embedding_model": "AConEx",
    "pre_trained_embeds": {
        "mrr": 0.09149372577667236,
        "hits_at_1": 0.03857617452740669,
        "hits_at_3": 0.0973077267408371,
        "hits_at_10": 0.19060881435871124
    },
    "random_embeds": {
        "mrr": 0.10305046290159225,
        "hits_at_1": 0.05746115371584892,
        "hits_at_3": 0.10207172483205795,
        "hits_at_10": 0.18950942158699036
    }
}