{
    "dataset": "FB15k-237",
    "epochs": 20,
    "pre_trained_embeds": {
        "mrr": 0.1178298369050026,
        "hits_at_1": 0.060246262699365616,
        "hits_at_3": 0.11692563444375992,
        "hits_at_10": 0.23697839677333832
    },
    "random_embeds": {
        "mrr": 0.12406717985868454,
        "hits_at_1": 0.0689680427312851,
        "hits_at_3": 0.12686894834041595,
        "hits_at_10": 0.23143261671066284
    }
}