{
    "mrr": 0.3777015805244446,
    "hits_at_1": 0.22995461523532867,
    "hits_at_3": 0.44099849462509155,
    "hits_at_10": 0.646747350692749,
    "dataset": "UMLS",
    "epochs": 30,
    "Pre_trained_Embedds": "True"
}