{
    "mrr": 0.1231592446565628,
    "hits_at_1": 0.06388644874095917,
    "hits_at_3": 0.12586729228496552,
    "hits_at_10": 0.23966579139232635,
    "dataset": "FB15k-237",
    "epochs": 30,
    "Pre_trained_Embedds": "True"
}